"scan_number","date","beacon1","channel1","beacon2","channel2","beacon3","channel3","beacon4","channel4","beacon5","channel5","beacon6","channel6","beacon7","channel7","beacon8","channel8","beacon9","channel9","beacon10","channel10","beacon11","channel11","beacon12","channel12","beacon13","channel13","beacon14","channel14","beacon15","channel15","beacon16","channel16","beacon17","channel17","beacon18","channel18","beacon19","channel19","beacon20","channel20","location"
"1000","2023-04-15 22:02:20","-300","0","-300","0","-300","0","-300","0","-300","0","-300","0","-300","0","-300","0","-300","0","-300","0","-97","37","-86","39","-100","38","-300","0","-300","0","-300","0","-300","0","-300","0","-300","0","-90","37","c1"
"1001","2023-04-15 22:02:26","-300","0","-300","0","-300","0","-300","0","-300","0","-300","0","-300","0","-300","0","-300","0","-300","0","-94","38","-82","39","-97","37","-300","0","-300","0","-300","0","-300","0","-300","0","-300","0","-95","37","c1"
"1002","2023-04-15 22:02:32","-300","0","-300","0","-300","0","-300","0","-300","0","-300","0","-300","0","-300","0","-300","0","-300","0","-96","37","-79","37","-99","37","-300","0","-300","0","-300","0","-300","0","-300","0","-300","0","-98","37","c1"
"1003","2023-04-15 22:02:38","-300","0","-300","0","-300","0","-300","0","-300","0","-300","0","-300","0","-300","0","-300","0","-300","0","-91","38","-81","37","-97","37","-100","38","-300","0","-300","0","-300","0","-300","0","-300","0","-97","38","c1"
"1004","2023-04-15 22:02:44","-300","0","-300","0","-300","0","-300","0","-300","0","-300","0","-300","0","-300","0","-300","0","-300","0","-94","38","-86","39","-96","37","-300","0","-300","0","-300","0","-300","0","-300","0","-300","0","-100","37","c1"
"1005","2023-04-15 22:03:12","-300","0","-300","0","-300","0","-300","0","-300","0","-300","0","-300","0","-300","0","-300","0","-300","0","-100","37","-94","38","-98","37","-96","37","-300","0","-300","0","-300","0","-300","0","-100","38","-87","38","c2"
"1006","2023-04-15 22:03:18","-300","0","-300","0","-300","0","-300","0","-300","0","-300","0","-300","0","-300","0","-300","0","-300","0","-101","37","-91","38","-96","38","-98","37","-300","0","-300","0","-300","0","-300","0","-98","38","-91","38","c2"
"1007","2023-04-15 22:03:24","-300","0","-300","0","-300","0","-300","0","-300","0","-300","0","-300","0","-300","0","-300","0","-300","0","-101","38","-82","37","-96","37","-99","37","-300","0","-300","0","-300","0","-300","0","-300","0","-101","37","c2"
"1008","2023-04-15 22:03:30","-300","0","-300","0","-300","0","-300","0","-300","0","-300","0","-300","0","-300","0","-300","0","-300","0","-96","37","-78","39","-97","37","-97","37","-300","0","-300","0","-300","0","-300","0","-300","0","-87","37","c2"
"1009","2023-04-15 22:03:36","-300","0","-300","0","-300","0","-300","0","-300","0","-300","0","-300","0","-300","0","-300","0","-300","0","-96","37","-86","38","-94","37","-300","0","-300","0","-300","0","-300","0","-300","0","-300","0","-92","38","c2"
"1010","2023-04-15 22:04:04","-300","0","-300","0","-300","0","-300","0","-300","0","-300","0","-300","0","-300","0","-300","0","-300","0","-96","38","-90","37","-98","38","-96","38","-300","0","-300","0","-300","0","-300","0","-300","0","-91","37","c3"
"1011","2023-04-15 22:04:10","-300","0","-300","0","-300","0","-300","0","-300","0","-300","0","-300","0","-300","0","-300","0","-300","0","-93","37","-88","37","-95","37","-300","0","-300","0","-300","0","-300","0","-300","0","-300","0","-96","37","c3"
"1012","2023-04-15 22:04:16","-300","0","-300","0","-300","0","-300","0","-300","0","-300","0","-300","0","-300","0","-300","0","-300","0","-97","37","-88","38","-100","38","-100","38","-300","0","-300","0","-300","0","-300","0","-300","0","-96","38","c3"
"1013","2023-04-15 22:04:23","-300","0","-300","0","-300","0","-300","0","-300","0","-300","0","-300","0","-300","0","-300","0","-300","0","-95","38","-94","38","-97","38","-300","0","-300","0","-300","0","-300","0","-300","0","-99","38","-103","37","c3"
"1014","2023-04-15 22:04:28","-300","0","-300","0","-300","0","-300","0","-300","0","-300","0","-300","0","-300","0","-300","0","-300","0","-96","37","-91","37","-97","37","-96","38","-300","0","-300","0","-300","0","-300","0","-300","0","-95","37","c3"
"1015","2023-04-15 22:04:56","-300","0","-300","0","-300","0","-300","0","-300","0","-300","0","-300","0","-300","0","-300","0","-300","0","-91","38","-89","39","-96","37","-98","37","-300","0","-300","0","-300","0","-300","0","-300","0","-87","39","c4"
"1016","2023-04-15 22:05:02","-300","0","-300","0","-300","0","-300","0","-300","0","-300","0","-300","0","-300","0","-300","0","-300","0","-92","38","-81","37","-98","38","-95","37","-300","0","-300","0","-300","0","-300","0","-300","0","-92","37","c4"
"1017","2023-04-15 22:05:08","-300","0","-300","0","-300","0","-300","0","-300","0","-300","0","-300","0","-300","0","-300","0","-300","0","-92","38","-83","37","-97","37","-98","37","-300","0","-300","0","-300","0","-300","0","-300","0","-90","37","c4"
"1018","2023-04-15 22:05:14","-300","0","-300","0","-300","0","-300","0","-300","0","-300","0","-300","0","-300","0","-300","0","-300","0","-90","38","-80","39","-92","38","-96","37","-300","0","-300","0","-300","0","-300","0","-300","0","-95","37","c4"
"1019","2023-04-15 22:05:20","-300","0","-300","0","-300","0","-300","0","-300","0","-300","0","-300","0","-300","0","-300","0","-300","0","-95","38","-92","37","-97","37","-98","38","-300","0","-300","0","-300","0","-300","0","-300","0","-96","37","c4"
"1020","2023-04-15 22:05:48","-300","0","-300","0","-300","0","-300","0","-300","0","-300","0","-300","0","-300","0","-300","0","-300","0","-95","38","-89","38","-98","38","-98","38","-300","0","-300","0","-300","0","-300","0","-300","0","-85","37","c5"
"1021","2023-04-15 22:05:55","-300","0","-300","0","-300","0","-300","0","-300","0","-300","0","-300","0","-300","0","-300","0","-300","0","-95","38","-81","37","-89","37","-99","38","-300","0","-300","0","-300","0","-300","0","-300","0","-91","37","c5"
"1022","2023-04-15 22:06:00","-300","0","-300","0","-300","0","-300","0","-300","0","-300","0","-300","0","-300","0","-300","0","-300","0","-98","37","-82","39","-101","37","-103","37","-300","0","-300","0","-300","0","-300","0","-300","0","-94","37","c5"
"1023","2023-04-15 22:06:06","-300","0","-300","0","-300","0","-300","0","-300","0","-300","0","-300","0","-300","0","-300","0","-300","0","-95","37","-79","37","-93","37","-93","37","-300","0","-300","0","-300","0","-300","0","-300","0","-89","38","c5"
"1024","2023-04-15 22:06:12","-300","0","-300","0","-300","0","-300","0","-300","0","-300","0","-300","0","-300","0","-300","0","-300","0","-95","37","-78","39","-88","37","-96","37","-300","0","-300","0","-300","0","-300","0","-300","0","-102","37","c5"
"1025","2023-04-15 22:06:40","-300","0","-300","0","-300","0","-300","0","-300","0","-300","0","-300","0","-300","0","-300","0","-300","0","-100","38","-71","37","-92","37","-300","0","-300","0","-300","0","-300","0","-300","0","-105","38","-93","37","c6"
"1026","2023-04-15 22:06:46","-300","0","-300","0","-300","0","-300","0","-300","0","-300","0","-300","0","-300","0","-300","0","-300","0","-96","38","-70","37","-98","38","-99","38","-300","0","-300","0","-300","0","-300","0","-99","37","-97","38","c6"
"1027","2023-04-15 22:06:52","-300","0","-300","0","-300","0","-300","0","-300","0","-300","0","-300","0","-300","0","-300","0","-300","0","-102","37","-71","38","-95","37","-98","37","-300","0","-300","0","-300","0","-300","0","-300","0","-95","37","c6"
"1028","2023-04-15 22:06:58","-300","0","-300","0","-300","0","-300","0","-300","0","-300","0","-300","0","-300","0","-300","0","-300","0","-300","0","-72","37","-98","37","-300","0","-300","0","-300","0","-300","0","-300","0","-104","38","-88","37","c6"
"1029","2023-04-15 22:07:04","-300","0","-300","0","-300","0","-300","0","-300","0","-300","0","-300","0","-300","0","-300","0","-300","0","-95","37","-73","37","-96","38","-101","38","-300","0","-300","0","-300","0","-300","0","-300","0","-93","37","c6"
"1030","2023-04-15 22:07:32","-300","0","-300","0","-300","0","-300","0","-300","0","-300","0","-300","0","-300","0","-300","0","-300","0","-89","38","-89","37","-83","37","-97","38","-300","0","-300","0","-300","0","-300","0","-300","0","-85","37","c7"
"1031","2023-04-15 22:07:38","-300","0","-300","0","-300","0","-300","0","-300","0","-300","0","-300","0","-300","0","-300","0","-300","0","-97","37","-88","37","-92","38","-96","37","-300","0","-300","0","-300","0","-300","0","-300","0","-82","37","c7"
"1032","2023-04-15 22:07:44","-300","0","-300","0","-300","0","-300","0","-300","0","-300","0","-300","0","-300","0","-300","0","-300","0","-98","38","-96","37","-86","37","-96","37","-300","0","-300","0","-300","0","-300","0","-300","0","-81","37","c7"
"1033","2023-04-15 22:07:50","-300","0","-300","0","-300","0","-300","0","-300","0","-300","0","-300","0","-300","0","-300","0","-300","0","-98","37","-103","37","-85","38","-93","38","-300","0","-300","0","-300","0","-300","0","-300","0","-83","37","c7"
"1034","2023-04-15 22:07:56","-300","0","-300","0","-300","0","-300","0","-300","0","-300","0","-300","0","-300","0","-300","0","-300","0","-100","37","-85","37","-90","37","-97","37","-300","0","-300","0","-300","0","-300","0","-300","0","-94","37","c7"
"1035","2023-04-15 22:08:24","-300","0","-300","0","-300","0","-300","0","-300","0","-300","0","-300","0","-300","0","-300","0","-300","0","-98","38","-83","38","-95","37","-100","37","-300","0","-300","0","-300","0","-300","0","-300","0","-89","37","c8"
"1036","2023-04-15 22:08:30","-300","0","-300","0","-300","0","-300","0","-300","0","-300","0","-300","0","-300","0","-300","0","-300","0","-96","38","-81","39","-97","37","-102","37","-300","0","-300","0","-300","0","-300","0","-300","0","-97","37","c8"
"1037","2023-04-15 22:08:37","-300","0","-300","0","-300","0","-300","0","-300","0","-300","0","-300","0","-300","0","-300","0","-300","0","-93","38","-77","39","-97","37","-99","37","-300","0","-300","0","-300","0","-300","0","-300","0","-96","37","c8"
"1038","2023-04-15 22:08:42","-300","0","-300","0","-300","0","-300","0","-300","0","-300","0","-300","0","-300","0","-300","0","-300","0","-99","37","-80","37","-100","37","-97","38","-300","0","-300","0","-300","0","-300","0","-300","0","-88","37","c8"
"1039","2023-04-15 22:08:48","-300","0","-300","0","-300","0","-300","0","-300","0","-300","0","-300","0","-300","0","-300","0","-300","0","-100","38","-83","39","-96","37","-94","38","-300","0","-300","0","-300","0","-300","0","-300","0","-84","39","c8"
"1040","2023-04-15 22:09:16","-300","0","-300","0","-300","0","-300","0","-300","0","-300","0","-300","0","-300","0","-300","0","-300","0","-102","38","-76","38","-91","37","-98","38","-300","0","-300","0","-300","0","-300","0","-98","37","-92","38","c9"
"1041","2023-04-15 22:09:22","-300","0","-300","0","-300","0","-300","0","-300","0","-300","0","-300","0","-300","0","-300","0","-300","0","-98","38","-77","38","-91","37","-102","38","-300","0","-300","0","-300","0","-300","0","-300","0","-89","38","c9"
"1042","2023-04-15 22:09:29","-300","0","-300","0","-300","0","-300","0","-300","0","-300","0","-300","0","-300","0","-300","0","-300","0","-98","38","-79","38","-91","38","-300","0","-300","0","-300","0","-300","0","-300","0","-100","38","-92","37","c9"
"1043","2023-04-15 22:09:35","-300","0","-300","0","-300","0","-300","0","-300","0","-300","0","-300","0","-300","0","-300","0","-300","0","-96","37","-78","38","-89","37","-100","38","-300","0","-300","0","-300","0","-300","0","-300","0","-94","38","c9"
"1044","2023-04-15 22:09:40","-300","0","-300","0","-300","0","-300","0","-300","0","-300","0","-300","0","-300","0","-300","0","-300","0","-101","38","-80","38","-89","37","-300","0","-300","0","-300","0","-300","0","-300","0","-300","0","-95","38","c9"
"1045","2023-04-15 22:10:37","-300","0","-300","0","-300","0","-300","0","-300","0","-300","0","-300","0","-300","0","-300","0","-300","0","-75","37","-93","37","-97","38","-300","0","-300","0","-300","0","-300","0","-300","0","-300","0","-95","37","ce1"
"1046","2023-04-15 22:10:44","-300","0","-300","0","-300","0","-300","0","-300","0","-300","0","-300","0","-300","0","-300","0","-300","0","-79","37","-90","38","-300","0","-300","0","-300","0","-300","0","-300","0","-300","0","-300","0","-92","38","ce1"
"1047","2023-04-15 22:10:49","-300","0","-300","0","-300","0","-300","0","-300","0","-300","0","-300","0","-300","0","-300","0","-300","0","-82","37","-100","37","-100","37","-300","0","-300","0","-300","0","-300","0","-300","0","-300","0","-100","37","ce1"
"1048","2023-04-15 22:10:56","-300","0","-300","0","-300","0","-300","0","-300","0","-300","0","-300","0","-300","0","-300","0","-300","0","-76","37","-96","37","-300","0","-300","0","-300","0","-300","0","-300","0","-300","0","-300","0","-95","38","ce1"
"1049","2023-04-15 22:11:02","-300","0","-300","0","-300","0","-300","0","-300","0","-300","0","-300","0","-300","0","-300","0","-300","0","-80","37","-96","38","-300","0","-300","0","-300","0","-300","0","-300","0","-300","0","-300","0","-94","38","ce1"
"1050","2023-04-15 22:11:30","-300","0","-300","0","-300","0","-300","0","-300","0","-300","0","-300","0","-300","0","-300","0","-300","0","-80","39","-100","37","-101","37","-300","0","-300","0","-300","0","-300","0","-300","0","-300","0","-97","38","ce2"
"1051","2023-04-15 22:11:35","-300","0","-300","0","-300","0","-300","0","-300","0","-300","0","-300","0","-300","0","-300","0","-300","0","-85","37","-94","37","-300","0","-101","38","-300","0","-300","0","-300","0","-300","0","-300","0","-94","37","ce2"
"1052","2023-04-15 22:11:42","-300","0","-300","0","-300","0","-300","0","-300","0","-300","0","-300","0","-300","0","-300","0","-300","0","-88","37","-95","37","-300","0","-98","38","-300","0","-300","0","-300","0","-300","0","-300","0","-96","38","ce2"
"1053","2023-04-15 22:11:47","-300","0","-300","0","-300","0","-300","0","-300","0","-300","0","-300","0","-300","0","-300","0","-300","0","-87","39","-97","37","-95","37","-97","37","-300","0","-300","0","-300","0","-300","0","-300","0","-95","37","ce2"
"1054","2023-04-15 22:11:54","-300","0","-300","0","-300","0","-300","0","-300","0","-300","0","-300","0","-300","0","-300","0","-300","0","-85","37","-90","38","-98","37","-103","38","-300","0","-300","0","-300","0","-300","0","-300","0","-92","38","ce2"
"1055","2023-04-15 22:12:21","-300","0","-300","0","-300","0","-300","0","-300","0","-300","0","-300","0","-300","0","-300","0","-300","0","-97","37","-91","38","-101","38","-300","0","-300","0","-300","0","-300","0","-300","0","-300","0","-89","37","ce3"
"1056","2023-04-15 22:12:28","-300","0","-300","0","-300","0","-300","0","-300","0","-300","0","-300","0","-300","0","-300","0","-300","0","-88","37","-96","37","-100","38","-99","38","-300","0","-300","0","-300","0","-300","0","-300","0","-97","37","ce3"
"1057","2023-04-15 22:12:34","-300","0","-300","0","-300","0","-300","0","-300","0","-300","0","-300","0","-300","0","-300","0","-300","0","-91","38","-95","37","-101","38","-96","38","-300","0","-300","0","-300","0","-300","0","-300","0","-85","37","ce3"
"1058","2023-04-15 22:12:40","-300","0","-300","0","-300","0","-300","0","-300","0","-300","0","-300","0","-300","0","-300","0","-300","0","-93","37","-95","37","-300","0","-100","38","-300","0","-300","0","-300","0","-300","0","-300","0","-96","37","ce3"
"1059","2023-04-15 22:12:46","-300","0","-300","0","-300","0","-300","0","-300","0","-300","0","-300","0","-300","0","-300","0","-300","0","-92","37","-96","37","-101","38","-98","38","-300","0","-300","0","-300","0","-300","0","-300","0","-90","37","ce3"
"1060","2023-04-15 22:13:13","-300","0","-300","0","-300","0","-300","0","-300","0","-300","0","-300","0","-300","0","-300","0","-300","0","-80","37","-89","38","-98","37","-300","0","-300","0","-300","0","-300","0","-300","0","-300","0","-99","38","ce4"
"1061","2023-04-15 22:13:20","-300","0","-300","0","-300","0","-300","0","-300","0","-300","0","-300","0","-300","0","-300","0","-300","0","-81","37","-97","37","-97","38","-300","0","-300","0","-300","0","-300","0","-300","0","-300","0","-99","37","ce4"
"1062","2023-04-15 22:13:25","-300","0","-300","0","-300","0","-300","0","-300","0","-300","0","-300","0","-300","0","-300","0","-300","0","-76","37","-99","37","-102","38","-300","0","-300","0","-300","0","-300","0","-300","0","-300","0","-96","37","ce4"
"1063","2023-04-15 22:13:32","-300","0","-300","0","-300","0","-300","0","-300","0","-300","0","-300","0","-300","0","-300","0","-300","0","-80","37","-95","38","-99","38","-300","0","-300","0","-300","0","-300","0","-300","0","-300","0","-99","38","ce4"
"1064","2023-04-15 22:13:37","-300","0","-300","0","-300","0","-300","0","-300","0","-300","0","-300","0","-300","0","-300","0","-300","0","-79","37","-95","37","-98","37","-300","0","-300","0","-300","0","-300","0","-300","0","-300","0","-94","37","ce4"
"1065","2023-04-15 22:14:06","-300","0","-300","0","-300","0","-300","0","-300","0","-300","0","-300","0","-300","0","-300","0","-300","0","-91","37","-93","37","-100","38","-103","38","-300","0","-300","0","-300","0","-300","0","-300","0","-98","37","ce5"
"1066","2023-04-15 22:14:12","-300","0","-300","0","-300","0","-300","0","-300","0","-300","0","-300","0","-300","0","-300","0","-300","0","-90","37","-97","37","-99","38","-300","0","-300","0","-300","0","-300","0","-300","0","-300","0","-100","37","ce5"
"1067","2023-04-15 22:14:17","-300","0","-300","0","-300","0","-300","0","-300","0","-300","0","-300","0","-300","0","-300","0","-300","0","-89","37","-94","37","-97","37","-300","0","-300","0","-300","0","-300","0","-300","0","-300","0","-94","37","ce5"
"1068","2023-04-15 22:14:24","-300","0","-300","0","-300","0","-300","0","-300","0","-300","0","-300","0","-300","0","-300","0","-300","0","-89","37","-92","37","-300","0","-300","0","-300","0","-300","0","-300","0","-300","0","-300","0","-92","37","ce5"
"1069","2023-04-15 22:14:30","-300","0","-300","0","-300","0","-300","0","-300","0","-300","0","-300","0","-300","0","-300","0","-300","0","-83","38","-94","37","-98","38","-100","38","-300","0","-300","0","-300","0","-300","0","-300","0","-98","38","ce5"
"1070","2023-04-15 22:14:58","-300","0","-300","0","-300","0","-300","0","-300","0","-300","0","-300","0","-300","0","-300","0","-300","0","-86","39","-99","37","-300","0","-101","38","-300","0","-300","0","-300","0","-300","0","-300","0","-90","37","ce6"
"1071","2023-04-15 22:15:04","-300","0","-300","0","-300","0","-300","0","-300","0","-300","0","-300","0","-300","0","-300","0","-300","0","-84","37","-93","37","-300","0","-101","38","-300","0","-300","0","-300","0","-300","0","-300","0","-84","37","ce6"
"1072","2023-04-15 22:15:10","-300","0","-300","0","-300","0","-300","0","-300","0","-300","0","-300","0","-300","0","-300","0","-300","0","-85","38","-96","38","-300","0","-300","0","-300","0","-300","0","-300","0","-300","0","-300","0","-91","38","ce6"
"1073","2023-04-15 22:15:16","-300","0","-300","0","-300","0","-300","0","-300","0","-300","0","-300","0","-300","0","-300","0","-300","0","-86","37","-95","37","-300","0","-300","0","-300","0","-300","0","-300","0","-300","0","-300","0","-94","37","ce6"
"1074","2023-04-15 22:15:22","-300","0","-300","0","-300","0","-300","0","-300","0","-300","0","-300","0","-300","0","-300","0","-300","0","-81","38","-94","37","-300","0","-101","37","-300","0","-300","0","-300","0","-300","0","-300","0","-83","37","ce6"
"1075","2023-04-15 22:15:50","-300","0","-300","0","-300","0","-300","0","-300","0","-300","0","-300","0","-300","0","-300","0","-300","0","-83","38","-93","37","-98","37","-300","0","-300","0","-300","0","-300","0","-300","0","-300","0","-89","37","ce7"
"1076","2023-04-15 22:15:56","-300","0","-300","0","-300","0","-300","0","-300","0","-300","0","-300","0","-300","0","-300","0","-300","0","-97","38","-96","37","-101","37","-300","0","-300","0","-300","0","-300","0","-300","0","-300","0","-99","37","ce7"
"1077","2023-04-15 22:16:02","-300","0","-300","0","-300","0","-300","0","-300","0","-300","0","-300","0","-300","0","-300","0","-300","0","-87","37","-95","38","-300","0","-101","38","-300","0","-300","0","-300","0","-300","0","-300","0","-83","39","ce7"
"1078","2023-04-15 22:16:08","-300","0","-300","0","-300","0","-300","0","-300","0","-300","0","-300","0","-300","0","-300","0","-300","0","-85","38","-96","37","-300","0","-300","0","-300","0","-300","0","-300","0","-300","0","-300","0","-97","37","ce7"
"1079","2023-04-15 22:16:14","-300","0","-300","0","-300","0","-300","0","-300","0","-300","0","-300","0","-300","0","-300","0","-300","0","-84","37","-98","38","-97","37","-300","0","-300","0","-300","0","-300","0","-300","0","-300","0","-95","37","ce7"
"1080","2023-04-15 22:16:42","-300","0","-300","0","-300","0","-300","0","-300","0","-300","0","-300","0","-300","0","-300","0","-300","0","-89","37","-89","37","-94","37","-300","0","-300","0","-300","0","-300","0","-300","0","-300","0","-84","38","ce8"
"1081","2023-04-15 22:16:48","-300","0","-300","0","-300","0","-300","0","-300","0","-300","0","-300","0","-300","0","-300","0","-300","0","-88","37","-98","38","-98","37","-98","38","-300","0","-300","0","-300","0","-300","0","-300","0","-87","38","ce8"
"1082","2023-04-15 22:16:54","-300","0","-300","0","-300","0","-300","0","-300","0","-300","0","-300","0","-300","0","-300","0","-300","0","-84","37","-90","37","-101","37","-300","0","-300","0","-300","0","-300","0","-300","0","-300","0","-86","37","ce8"
"1083","2023-04-15 22:17:00","-300","0","-300","0","-300","0","-300","0","-300","0","-300","0","-300","0","-300","0","-300","0","-300","0","-87","37","-89","38","-102","37","-98","38","-300","0","-300","0","-300","0","-300","0","-300","0","-93","38","ce8"
"1084","2023-04-15 22:17:06","-300","0","-300","0","-300","0","-300","0","-300","0","-300","0","-300","0","-300","0","-300","0","-300","0","-89","37","-91","37","-98","37","-98","38","-300","0","-300","0","-300","0","-300","0","-300","0","-88","38","ce8"
"1085","2023-04-15 22:17:34","-300","0","-300","0","-300","0","-300","0","-300","0","-300","0","-300","0","-300","0","-300","0","-300","0","-93","37","-91","37","-101","37","-96","38","-300","0","-300","0","-300","0","-300","0","-300","0","-90","37","ce9"
"1086","2023-04-15 22:17:40","-300","0","-300","0","-300","0","-300","0","-300","0","-300","0","-300","0","-300","0","-300","0","-300","0","-97","38","-97","37","-99","38","-100","37","-300","0","-300","0","-300","0","-300","0","-300","0","-85","39","ce9"
"1087","2023-04-15 22:17:46","-300","0","-300","0","-300","0","-300","0","-300","0","-300","0","-300","0","-300","0","-300","0","-300","0","-96","37","-93","37","-100","37","-98","37","-300","0","-300","0","-300","0","-300","0","-300","0","-90","37","ce9"
"1088","2023-04-15 22:17:52","-300","0","-300","0","-300","0","-300","0","-300","0","-300","0","-300","0","-300","0","-300","0","-300","0","-94","37","-88","37","-95","37","-101","38","-300","0","-300","0","-300","0","-300","0","-300","0","-85","37","ce9"
"1089","2023-04-15 22:17:58","-300","0","-300","0","-300","0","-300","0","-300","0","-300","0","-300","0","-300","0","-300","0","-300","0","-88","37","-89","37","-90","38","-98","38","-300","0","-300","0","-300","0","-300","0","-300","0","-87","37","ce9"
"1090","2023-04-15 22:20:05","-300","0","-300","0","-300","0","-300","0","-300","0","-300","0","-300","0","-300","0","-300","0","-300","0","-93","38","-89","37","-102","38","-100","38","-300","0","-300","0","-300","0","-96","37","-300","0","-84","37","ha1"
"1091","2023-04-15 22:20:11","-300","0","-300","0","-300","0","-300","0","-300","0","-300","0","-300","0","-300","0","-300","0","-300","0","-96","37","-87","37","-98","38","-99","37","-300","0","-300","0","-300","0","-300","0","-300","0","-82","37","ha1"
"1092","2023-04-15 22:20:17","-300","0","-300","0","-300","0","-300","0","-300","0","-300","0","-300","0","-300","0","-300","0","-300","0","-96","37","-87","37","-95","37","-101","37","-300","0","-300","0","-300","0","-300","0","-102","37","-83","37","ha1"
"1093","2023-04-15 22:20:23","-300","0","-300","0","-300","0","-300","0","-300","0","-300","0","-300","0","-300","0","-300","0","-300","0","-85","39","-96","37","-92","38","-94","37","-300","0","-300","0","-300","0","-300","0","-101","38","-82","37","ha1"
"1094","2023-04-15 22:20:30","-300","0","-300","0","-300","0","-300","0","-300","0","-300","0","-300","0","-300","0","-300","0","-300","0","-89","37","-96","38","-94","37","-98","37","-300","0","-300","0","-300","0","-300","0","-300","0","-76","37","ha1"
"1095","2023-04-15 22:20:57","-300","0","-300","0","-300","0","-300","0","-300","0","-300","0","-300","0","-300","0","-300","0","-300","0","-99","37","-100","38","-82","37","-90","37","-300","0","-300","0","-300","0","-300","0","-300","0","-81","39","ha2"
"1096","2023-04-15 22:21:06","-300","0","-300","0","-300","0","-300","0","-300","0","-300","0","-300","0","-300","0","-300","0","-300","0","-98","38","-99","37","-82","38","-89","38","-300","0","-102","38","-300","0","-300","0","-300","0","-83","39","ha2"
"1097","2023-04-15 22:21:09","-300","0","-300","0","-300","0","-300","0","-300","0","-300","0","-300","0","-300","0","-300","0","-300","0","-104","37","-98","37","-80","37","-96","37","-300","0","-300","0","-300","0","-300","0","-99","37","-86","37","ha2"
"1098","2023-04-15 22:21:15","-300","0","-300","0","-300","0","-300","0","-300","0","-300","0","-300","0","-300","0","-300","0","-300","0","-100","37","-98","37","-86","37","-99","38","-300","0","-100","38","-300","0","-300","0","-101","38","-80","37","ha2"
"1099","2023-04-15 22:21:21","-300","0","-300","0","-300","0","-300","0","-300","0","-300","0","-300","0","-300","0","-300","0","-300","0","-95","37","-99","38","-83","38","-93","37","-300","0","-104","38","-300","0","-300","0","-300","0","-81","37","ha2"
"1100","2023-04-15 22:21:50","-300","0","-300","0","-300","0","-300","0","-300","0","-300","0","-300","0","-300","0","-300","0","-300","0","-106","38","-98","38","-87","39","-88","39","-300","0","-100","38","-300","0","-300","0","-97","37","-81","37","ha3"
"1101","2023-04-15 22:21:55","-300","0","-300","0","-300","0","-300","0","-300","0","-300","0","-300","0","-300","0","-300","0","-300","0","-100","38","-99","38","-90","37","-88","37","-300","0","-98","37","-99","38","-103","37","-104","37","-84","38","ha3"
"1102","2023-04-15 22:22:01","-300","0","-300","0","-300","0","-300","0","-300","0","-300","0","-300","0","-300","0","-300","0","-300","0","-99","37","-300","0","-87","39","-83","38","-300","0","-300","0","-300","0","-101","38","-98","37","-82","39","ha3"
"1103","2023-04-15 22:22:08","-300","0","-300","0","-300","0","-300","0","-300","0","-300","0","-300","0","-300","0","-300","0","-300","0","-100","37","-98","37","-86","37","-88","37","-300","0","-99","38","-300","0","-300","0","-99","37","-84","39","ha3"
"1104","2023-04-15 22:22:13","-300","0","-300","0","-300","0","-300","0","-300","0","-300","0","-300","0","-300","0","-300","0","-300","0","-100","37","-96","37","-83","37","-90","37","-300","0","-101","38","-300","0","-99","37","-103","38","-82","38","ha3"
"1105","2023-04-15 22:22:41","-300","0","-300","0","-300","0","-300","0","-300","0","-300","0","-300","0","-300","0","-300","0","-300","0","-100","38","-95","38","-88","38","-82","37","-300","0","-95","38","-101","37","-102","37","-98","38","-90","37","ha4"
"1106","2023-04-15 22:22:48","-300","0","-300","0","-300","0","-300","0","-300","0","-300","0","-300","0","-300","0","-300","0","-300","0","-98","37","-97","38","-83","39","-79","39","-98","38","-99","37","-300","0","-100","38","-98","37","-93","37","ha4"
"1107","2023-04-15 22:22:54","-300","0","-300","0","-300","0","-300","0","-300","0","-300","0","-300","0","-300","0","-300","0","-300","0","-96","37","-98","37","-94","38","-78","37","-98","38","-103","37","-100","37","-97","38","-97","37","-84","37","ha4"
"1108","2023-04-15 22:23:00","-300","0","-300","0","-300","0","-300","0","-300","0","-300","0","-300","0","-300","0","-300","0","-300","0","-97","38","-96","38","-91","37","-83","37","-300","0","-98","37","-300","0","-103","38","-95","37","-88","38","ha4"
"1109","2023-04-15 22:23:05","-300","0","-300","0","-300","0","-300","0","-300","0","-300","0","-300","0","-300","0","-300","0","-300","0","-300","0","-92","38","-102","37","-80","39","-103","38","-300","0","-300","0","-100","38","-98","37","-90","38","ha4"
"1110","2023-04-15 22:23:34","-300","0","-300","0","-300","0","-300","0","-300","0","-300","0","-300","0","-300","0","-300","0","-300","0","-300","0","-102","38","-95","37","-72","39","-97","38","-97","37","-98","38","-94","37","-99","38","-97","38","ha5"
"1111","2023-04-15 22:23:40","-300","0","-300","0","-300","0","-300","0","-300","0","-300","0","-300","0","-300","0","-300","0","-300","0","-300","0","-300","0","-97","37","-73","39","-100","37","-99","37","-103","38","-94","37","-84","39","-98","37","ha5"
"1112","2023-04-15 22:23:46","-300","0","-300","0","-300","0","-300","0","-300","0","-300","0","-300","0","-300","0","-300","0","-300","0","-300","0","-100","38","-100","38","-82","38","-101","38","-101","38","-300","0","-93","37","-92","38","-97","37","ha5"
"1113","2023-04-15 22:23:52","-300","0","-300","0","-300","0","-300","0","-300","0","-300","0","-300","0","-300","0","-300","0","-300","0","-300","0","-101","37","-96","37","-75","38","-95","38","-90","37","-300","0","-95","37","-99","37","-91","37","ha5"
"1114","2023-04-15 22:23:58","-300","0","-300","0","-300","0","-300","0","-300","0","-300","0","-300","0","-300","0","-300","0","-300","0","-97","38","-300","0","-93","37","-77","38","-300","0","-96","37","-99","37","-95","38","-95","37","-88","37","ha5"
"1115","2023-04-15 22:24:26","-300","0","-300","0","-300","0","-300","0","-300","0","-300","0","-300","0","-300","0","-300","0","-300","0","-300","0","-300","0","-95","37","-89","37","-98","37","-103","38","-300","0","-96","37","-95","37","-95","37","ha6"
"1116","2023-04-15 22:24:32","-300","0","-300","0","-300","0","-300","0","-300","0","-300","0","-300","0","-300","0","-300","0","-300","0","-300","0","-300","0","-97","37","-87","37","-96","37","-91","38","-96","38","-100","37","-94","38","-97","38","ha6"
"1117","2023-04-15 22:24:38","-300","0","-300","0","-300","0","-300","0","-300","0","-300","0","-300","0","-300","0","-300","0","-300","0","-300","0","-300","0","-101","37","-90","37","-99","38","-88","37","-98","38","-93","37","-99","37","-100","38","ha6"
"1118","2023-04-15 22:24:44","-300","0","-300","0","-300","0","-300","0","-300","0","-300","0","-300","0","-300","0","-300","0","-300","0","-300","0","-300","0","-101","38","-86","37","-104","37","-90","38","-96","37","-86","37","-97","38","-93","37","ha6"
"1119","2023-04-15 22:24:50","-300","0","-300","0","-300","0","-300","0","-300","0","-300","0","-300","0","-300","0","-300","0","-300","0","-300","0","-300","0","-100","37","-89","37","-99","38","-99","38","-300","0","-97","38","-93","38","-95","37","ha6"
"1120","2023-04-15 22:25:18","-300","0","-300","0","-300","0","-300","0","-300","0","-300","0","-300","0","-300","0","-300","0","-300","0","-300","0","-300","0","-98","37","-86","38","-82","38","-94","38","-91","38","-87","38","-98","38","-97","38","ha7"
"1121","2023-04-15 22:25:24","-300","0","-300","0","-300","0","-300","0","-300","0","-300","0","-300","0","-300","0","-300","0","-300","0","-300","0","-300","0","-98","38","-84","39","-89","38","-93","37","-101","38","-93","38","-100","38","-97","37","ha7"
"1122","2023-04-15 22:25:30","-300","0","-300","0","-300","0","-300","0","-300","0","-300","0","-300","0","-300","0","-300","0","-300","0","-300","0","-300","0","-300","0","-85","39","-84","38","-88","37","-99","38","-97","37","-94","38","-101","37","ha7"
"1123","2023-04-15 22:25:36","-300","0","-300","0","-300","0","-300","0","-300","0","-300","0","-300","0","-300","0","-300","0","-300","0","-300","0","-300","0","-103","37","-88","37","-82","38","-84","37","-99","38","-83","39","-97","37","-100","37","ha7"
"1124","2023-04-15 22:25:42","-300","0","-300","0","-300","0","-300","0","-300","0","-300","0","-300","0","-300","0","-300","0","-300","0","-100","38","-300","0","-100","37","-97","37","-90","38","-89","37","-96","38","-93","37","-94","37","-96","38","ha7"
"1125","2023-04-15 22:30:29","-300","0","-300","0","-300","0","-300","0","-300","0","-300","0","-300","0","-300","0","-300","0","-300","0","-300","0","-300","0","-300","0","-96","37","-91","38","-101","38","-98","37","-97","37","-88","38","-300","0","ki1"
"1126","2023-04-15 22:30:35","-300","0","-300","0","-300","0","-300","0","-300","0","-300","0","-300","0","-300","0","-300","0","-300","0","-300","0","-300","0","-99","37","-91","37","-98","37","-97","37","-98","37","-99","37","-84","39","-300","0","ki1"
"1127","2023-04-15 22:30:41","-300","0","-300","0","-300","0","-300","0","-300","0","-300","0","-300","0","-300","0","-300","0","-300","0","-300","0","-300","0","-95","37","-86","37","-96","37","-98","38","-98","37","-100","37","-85","37","-300","0","ki1"
"1128","2023-04-15 22:30:47","-300","0","-300","0","-300","0","-300","0","-300","0","-300","0","-300","0","-300","0","-300","0","-300","0","-300","0","-300","0","-103","38","-97","37","-89","37","-94","38","-104","37","-98","37","-84","37","-300","0","ki1"
"1129","2023-04-15 22:30:53","-300","0","-300","0","-300","0","-300","0","-300","0","-300","0","-300","0","-300","0","-300","0","-300","0","-300","0","-300","0","-100","37","-86","38","-87","37","-94","37","-100","38","-100","38","-83","39","-300","0","ki1"
"1130","2023-04-15 22:31:21","-300","0","-300","0","-300","0","-300","0","-300","0","-300","0","-300","0","-300","0","-300","0","-300","0","-300","0","-100","38","-97","37","-93","37","-95","37","-98","37","-300","0","-96","37","-81","37","-97","37","ki2"
"1131","2023-04-15 22:31:27","-300","0","-300","0","-300","0","-300","0","-300","0","-300","0","-300","0","-300","0","-300","0","-300","0","-300","0","-100","38","-95","37","-95","37","-96","38","-100","37","-100","38","-94","37","-85","38","-99","37","ki2"
"1132","2023-04-15 22:31:33","-300","0","-300","0","-300","0","-300","0","-300","0","-300","0","-300","0","-300","0","-300","0","-300","0","-300","0","-300","0","-102","37","-97","37","-95","37","-96","37","-99","38","-98","38","-90","37","-97","38","ki2"
"1133","2023-04-15 22:31:39","-300","0","-300","0","-300","0","-300","0","-300","0","-300","0","-300","0","-300","0","-300","0","-300","0","-300","0","-300","0","-99","37","-92","38","-99","37","-100","38","-104","37","-99","37","-81","37","-92","37","ki2"
"1134","2023-04-15 22:31:45","-300","0","-300","0","-300","0","-300","0","-300","0","-300","0","-300","0","-300","0","-300","0","-300","0","-300","0","-300","0","-92","37","-96","37","-88","38","-300","0","-95","37","-98","37","-85","37","-98","38","ki2"
"1135","2023-04-15 22:32:13","-300","0","-300","0","-300","0","-300","0","-300","0","-300","0","-300","0","-300","0","-300","0","-300","0","-300","0","-300","0","-94","37","-95","38","-94","37","-96","37","-97","38","-95","37","-83","39","-300","0","ki3"
"1136","2023-04-15 22:32:19","-300","0","-300","0","-300","0","-300","0","-300","0","-300","0","-300","0","-300","0","-300","0","-300","0","-300","0","-300","0","-98","38","-93","38","-98","37","-99","37","-98","37","-97","37","-80","37","-101","38","ki3"
"1137","2023-04-15 22:32:25","-300","0","-300","0","-300","0","-300","0","-300","0","-300","0","-300","0","-300","0","-300","0","-300","0","-300","0","-300","0","-99","37","-97","37","-91","38","-93","37","-95","38","-103","37","-92","37","-300","0","ki3"
"1138","2023-04-15 22:32:31","-300","0","-300","0","-300","0","-300","0","-300","0","-300","0","-300","0","-300","0","-300","0","-300","0","-300","0","-300","0","-99","38","-97","37","-89","37","-98","38","-105","37","-98","37","-78","37","-300","0","ki3"
"1139","2023-04-15 22:32:37","-300","0","-300","0","-300","0","-300","0","-300","0","-300","0","-300","0","-300","0","-300","0","-300","0","-300","0","-300","0","-96","38","-96","37","-97","38","-97","38","-99","38","-98","38","-77","37","-300","0","ki3"
"1140","2023-04-15 22:33:05","-300","0","-300","0","-300","0","-300","0","-300","0","-300","0","-300","0","-300","0","-300","0","-300","0","-300","0","-300","0","-100","38","-105","38","-97","37","-99","38","-94","37","-98","38","-84","37","-100","37","ki4"
"1141","2023-04-15 22:33:11","-300","0","-300","0","-300","0","-300","0","-300","0","-300","0","-300","0","-300","0","-300","0","-300","0","-300","0","-300","0","-102","37","-95","37","-94","37","-93","37","-94","37","-98","37","-80","39","-101","37","ki4"
"1142","2023-04-15 22:33:17","-300","0","-300","0","-300","0","-300","0","-300","0","-300","0","-300","0","-300","0","-300","0","-300","0","-300","0","-300","0","-99","38","-94","38","-94","37","-93","37","-98","37","-96","37","-82","37","-102","38","ki4"
"1143","2023-04-15 22:33:23","-300","0","-300","0","-300","0","-300","0","-300","0","-300","0","-300","0","-300","0","-300","0","-300","0","-300","0","-300","0","-97","37","-88","37","-91","37","-96","38","-100","37","-100","37","-89","39","-101","37","ki4"
"1144","2023-04-15 22:33:29","-300","0","-300","0","-300","0","-300","0","-300","0","-300","0","-300","0","-300","0","-300","0","-300","0","-300","0","-300","0","-98","37","-97","37","-96","37","-96","37","-99","37","-98","38","-78","39","-98","38","ki4"
"1145","2023-04-15 22:36:36","-300","0","-300","0","-300","0","-300","0","-300","0","-300","0","-300","0","-300","0","-300","0","-300","0","-100","37","-98","37","-87","37","-102","38","-300","0","-103","38","-300","0","-300","0","-103","37","-85","39","li1"
"1146","2023-04-15 22:36:42","-300","0","-300","0","-300","0","-300","0","-300","0","-300","0","-300","0","-300","0","-300","0","-300","0","-96","37","-99","38","-83","37","-97","37","-300","0","-300","0","-300","0","-300","0","-96","37","-83","37","li1"
"1147","2023-04-15 22:36:48","-300","0","-300","0","-300","0","-300","0","-300","0","-300","0","-300","0","-300","0","-300","0","-300","0","-97","38","-96","37","-81","37","-94","37","-300","0","-300","0","-300","0","-300","0","-101","38","-82","37","li1"
"1148","2023-04-15 22:36:54","-300","0","-300","0","-300","0","-300","0","-300","0","-300","0","-300","0","-300","0","-300","0","-300","0","-96","38","-97","37","-82","37","-93","37","-300","0","-300","0","-300","0","-300","0","-99","37","-96","37","li1"
"1149","2023-04-15 22:37:00","-300","0","-300","0","-300","0","-300","0","-300","0","-300","0","-300","0","-300","0","-300","0","-300","0","-99","38","-95","38","-80","37","-92","38","-300","0","-300","0","-300","0","-300","0","-98","37","-83","39","li1"
"1150","2023-04-15 22:37:28","-300","0","-300","0","-300","0","-300","0","-300","0","-300","0","-300","0","-300","0","-300","0","-300","0","-300","0","-96","37","-78","37","-95","37","-300","0","-300","0","-300","0","-300","0","-94","37","-87","37","li2"
"1151","2023-04-15 22:37:34","-300","0","-300","0","-300","0","-300","0","-300","0","-300","0","-300","0","-300","0","-300","0","-300","0","-300","0","-94","37","-81","39","-92","37","-99","38","-300","0","-300","0","-300","0","-100","37","-84","37","li2"
"1152","2023-04-15 22:37:40","-300","0","-300","0","-300","0","-300","0","-300","0","-300","0","-300","0","-300","0","-300","0","-300","0","-300","0","-90","37","-80","37","-98","37","-300","0","-300","0","-300","0","-300","0","-94","37","-91","38","li2"
"1153","2023-04-15 22:37:46","-300","0","-300","0","-300","0","-300","0","-300","0","-300","0","-300","0","-300","0","-300","0","-300","0","-100","37","-98","38","-75","38","-87","38","-300","0","-101","38","-300","0","-300","0","-97","37","-91","37","li2"
"1154","2023-04-15 22:37:52","-300","0","-300","0","-300","0","-300","0","-300","0","-300","0","-300","0","-300","0","-300","0","-300","0","-99","37","-99","37","-77","37","-96","37","-300","0","-300","0","-300","0","-300","0","-99","37","-84","38","li2"
"1155","2023-04-15 22:38:20","-300","0","-300","0","-300","0","-300","0","-300","0","-300","0","-300","0","-300","0","-300","0","-300","0","-94","38","-92","37","-95","37","-98","37","-300","0","-300","0","-300","0","-300","0","-91","37","-84","39","li3"
"1156","2023-04-15 22:38:26","-300","0","-300","0","-300","0","-300","0","-300","0","-300","0","-300","0","-300","0","-300","0","-300","0","-93","38","-99","37","-84","37","-93","37","-300","0","-300","0","-300","0","-300","0","-99","37","-98","37","li3"
"1157","2023-04-15 22:38:32","-300","0","-300","0","-300","0","-300","0","-300","0","-300","0","-300","0","-300","0","-300","0","-300","0","-99","38","-99","37","-84","38","-94","38","-300","0","-300","0","-300","0","-300","0","-95","38","-93","37","li3"
"1158","2023-04-15 22:38:38","-300","0","-300","0","-300","0","-300","0","-300","0","-300","0","-300","0","-300","0","-300","0","-300","0","-99","37","-94","38","-83","38","-97","38","-300","0","-300","0","-300","0","-300","0","-100","37","-93","37","li3"
"1159","2023-04-15 22:38:44","-300","0","-300","0","-300","0","-300","0","-300","0","-300","0","-300","0","-300","0","-300","0","-300","0","-95","38","-94","37","-81","38","-94","38","-300","0","-300","0","-300","0","-300","0","-98","37","-84","37","li3"
"1160","2023-04-15 22:39:12","-300","0","-300","0","-300","0","-300","0","-300","0","-300","0","-300","0","-300","0","-300","0","-300","0","-98","38","-97","37","-88","38","-93","37","-300","0","-300","0","-300","0","-300","0","-100","37","-82","39","li4"
"1161","2023-04-15 22:39:18","-300","0","-300","0","-300","0","-300","0","-300","0","-300","0","-300","0","-300","0","-300","0","-300","0","-96","37","-97","38","-81","37","-93","37","-300","0","-300","0","-300","0","-300","0","-102","37","-91","37","li4"
"1162","2023-04-15 22:39:24","-300","0","-300","0","-300","0","-300","0","-300","0","-300","0","-300","0","-300","0","-300","0","-300","0","-101","38","-99","38","-84","37","-100","37","-300","0","-300","0","-300","0","-300","0","-101","37","-86","37","li4"
"1163","2023-04-15 22:39:30","-300","0","-300","0","-300","0","-300","0","-300","0","-300","0","-300","0","-300","0","-300","0","-300","0","-102","38","-95","38","-95","37","-96","37","-300","0","-300","0","-300","0","-300","0","-101","38","-83","39","li4"
"1164","2023-04-15 22:39:36","-300","0","-300","0","-300","0","-300","0","-300","0","-300","0","-300","0","-300","0","-300","0","-300","0","-93","37","-95","37","-86","37","-93","37","-300","0","-300","0","-300","0","-300","0","-98","38","-82","37","li4"
"1165","2023-04-15 22:51:26","-300","0","-300","0","-300","0","-300","0","-300","0","-300","0","-300","0","-300","0","-300","0","-300","0","-300","0","-300","0","-300","0","-100","37","-91","37","-81","37","-93","38","-82","37","-99","38","-300","0","sa1"
"1166","2023-04-15 22:51:32","-300","0","-300","0","-300","0","-300","0","-300","0","-300","0","-300","0","-300","0","-300","0","-300","0","-300","0","-300","0","-300","0","-99","37","-93","37","-72","37","-95","38","-84","37","-93","38","-300","0","sa1"
"1167","2023-04-15 22:51:37","-300","0","-300","0","-300","0","-300","0","-300","0","-300","0","-300","0","-300","0","-300","0","-300","0","-300","0","-300","0","-300","0","-100","38","-91","37","-70","37","-98","37","-92","37","-97","37","-300","0","sa1"
"1168","2023-04-15 22:51:44","-300","0","-300","0","-300","0","-300","0","-300","0","-300","0","-300","0","-300","0","-300","0","-300","0","-300","0","-300","0","-300","0","-97","38","-96","37","-71","38","-99","37","-89","37","-90","38","-300","0","sa1"
"1169","2023-04-15 22:51:50","-300","0","-300","0","-300","0","-300","0","-300","0","-300","0","-300","0","-300","0","-300","0","-300","0","-300","0","-300","0","-99","38","-98","37","-97","38","-75","38","-105","38","-85","37","-97","37","-300","0","sa1"
"1170","2023-04-15 22:52:18","-300","0","-300","0","-300","0","-300","0","-300","0","-300","0","-300","0","-300","0","-300","0","-300","0","-300","0","-300","0","-300","0","-94","37","-89","38","-94","37","-89","37","-99","38","-88","37","-300","0","sa2"
"1171","2023-04-15 22:52:25","-300","0","-300","0","-300","0","-300","0","-300","0","-300","0","-300","0","-300","0","-300","0","-300","0","-300","0","-300","0","-300","0","-94","37","-97","38","-84","37","-98","38","-92","38","-94","37","-300","0","sa2"
"1172","2023-04-15 22:52:30","-300","0","-300","0","-300","0","-300","0","-300","0","-300","0","-300","0","-300","0","-300","0","-300","0","-300","0","-300","0","-300","0","-95","37","-89","38","-88","37","-93","37","-91","38","-94","37","-300","0","sa2"
"1173","2023-04-15 22:52:36","-300","0","-300","0","-300","0","-300","0","-300","0","-300","0","-300","0","-300","0","-300","0","-300","0","-300","0","-300","0","-300","0","-95","37","-89","38","-76","37","-97","38","-93","37","-90","37","-300","0","sa2"
"1174","2023-04-15 22:52:42","-300","0","-300","0","-300","0","-300","0","-300","0","-300","0","-300","0","-300","0","-300","0","-300","0","-300","0","-300","0","-300","0","-99","37","-81","38","-77","37","-93","37","-91","38","-89","37","-300","0","sa2"
"1175","2023-04-15 22:53:10","-300","0","-300","0","-300","0","-300","0","-300","0","-300","0","-300","0","-300","0","-300","0","-300","0","-300","0","-300","0","-300","0","-96","37","-91","37","-80","39","-91","37","-88","37","-93","37","-300","0","sa3"
"1176","2023-04-15 22:53:16","-300","0","-300","0","-300","0","-300","0","-300","0","-300","0","-300","0","-300","0","-300","0","-300","0","-300","0","-300","0","-300","0","-90","37","-88","37","-80","39","-93","37","-94","37","-97","38","-300","0","sa3"
"1177","2023-04-15 22:53:23","-300","0","-300","0","-300","0","-300","0","-300","0","-300","0","-300","0","-300","0","-300","0","-300","0","-300","0","-300","0","-300","0","-97","37","-98","37","-90","37","-89","37","-93","37","-95","37","-300","0","sa3"
"1178","2023-04-15 22:53:29","-300","0","-300","0","-300","0","-300","0","-300","0","-300","0","-300","0","-300","0","-300","0","-300","0","-300","0","-300","0","-300","0","-96","38","-95","38","-92","37","-94","38","-90","38","-95","37","-300","0","sa3"
"1179","2023-04-15 22:53:34","-300","0","-300","0","-300","0","-300","0","-300","0","-300","0","-300","0","-300","0","-300","0","-300","0","-300","0","-300","0","-300","0","-96","37","-90","38","-88","39","-93","37","-88","37","-98","37","-300","0","sa3"
"1180","2023-04-15 22:54:02","-300","0","-300","0","-300","0","-300","0","-300","0","-300","0","-300","0","-300","0","-300","0","-300","0","-300","0","-300","0","-300","0","-100","38","-92","37","-89","38","-85","37","-95","38","-97","38","-300","0","sa4"
"1181","2023-04-15 22:54:08","-300","0","-300","0","-300","0","-300","0","-300","0","-300","0","-300","0","-300","0","-300","0","-300","0","-300","0","-300","0","-300","0","-300","0","-97","38","-98","38","-74","39","-97","37","-99","38","-300","0","sa4"
"1182","2023-04-15 22:54:14","-300","0","-300","0","-300","0","-300","0","-300","0","-300","0","-300","0","-300","0","-300","0","-300","0","-300","0","-300","0","-300","0","-95","38","-93","37","-95","37","-83","39","-99","38","-94","37","-300","0","sa4"
"1183","2023-04-15 22:54:21","-300","0","-300","0","-300","0","-300","0","-300","0","-300","0","-300","0","-300","0","-300","0","-300","0","-300","0","-300","0","-300","0","-98","37","-100","37","-87","38","-98","37","-99","37","-102","38","-300","0","sa4"
"1184","2023-04-15 22:54:26","-300","0","-300","0","-300","0","-300","0","-300","0","-300","0","-300","0","-300","0","-300","0","-300","0","-300","0","-300","0","-300","0","-98","38","-93","37","-93","38","-83","37","-92","38","-96","37","-300","0","sa4"
"1185","2023-04-15 22:54:54","-300","0","-300","0","-300","0","-300","0","-300","0","-300","0","-300","0","-300","0","-300","0","-300","0","-300","0","-300","0","-300","0","-101","38","-98","38","-89","37","-96","38","-93","38","-92","38","-300","0","sa5"
"1186","2023-04-15 22:55:00","-300","0","-300","0","-300","0","-300","0","-300","0","-300","0","-300","0","-300","0","-300","0","-300","0","-300","0","-300","0","-300","0","-100","37","-92","38","-86","37","-93","38","-84","38","-96","37","-300","0","sa5"
"1187","2023-04-15 22:55:06","-300","0","-300","0","-300","0","-300","0","-300","0","-300","0","-300","0","-300","0","-300","0","-300","0","-300","0","-300","0","-300","0","-95","38","-94","37","-88","37","-95","37","-86","37","-98","37","-300","0","sa5"
"1188","2023-04-15 22:55:12","-300","0","-300","0","-300","0","-300","0","-300","0","-300","0","-300","0","-300","0","-300","0","-300","0","-300","0","-300","0","-300","0","-300","0","-98","38","-90","37","-96","38","-84","37","-98","37","-300","0","sa5"
"1189","2023-04-15 22:55:18","-300","0","-300","0","-300","0","-300","0","-300","0","-300","0","-300","0","-300","0","-300","0","-300","0","-300","0","-300","0","-300","0","-100","38","-93","38","-86","37","-95","38","-90","39","-96","37","-300","0","sa5"
"1190","2023-04-15 22:55:46","-300","0","-300","0","-300","0","-300","0","-300","0","-300","0","-300","0","-300","0","-300","0","-300","0","-300","0","-300","0","-300","0","-96","38","-95","38","-81","37","-95","38","-79","37","-94","37","-300","0","sa6"
"1191","2023-04-15 22:55:52","-300","0","-300","0","-300","0","-300","0","-300","0","-300","0","-300","0","-300","0","-300","0","-300","0","-300","0","-300","0","-300","0","-95","37","-100","37","-93","37","-96","37","-83","37","-94","37","-300","0","sa6"
"1192","2023-04-15 22:55:58","-300","0","-300","0","-300","0","-300","0","-300","0","-300","0","-300","0","-300","0","-300","0","-300","0","-300","0","-300","0","-300","0","-94","37","-94","37","-85","37","-97","37","-87","37","-95","37","-300","0","sa6"
"1193","2023-04-15 22:56:04","-300","0","-300","0","-300","0","-300","0","-300","0","-300","0","-300","0","-300","0","-300","0","-300","0","-300","0","-300","0","-300","0","-95","37","-86","37","-80","37","-95","37","-82","37","-93","37","-300","0","sa6"
"1194","2023-04-15 22:56:10","-300","0","-300","0","-300","0","-300","0","-300","0","-300","0","-300","0","-300","0","-300","0","-300","0","-300","0","-300","0","-300","0","-99","37","-97","37","-82","37","-93","37","-87","37","-92","38","-300","0","sa6"
"1195","2023-04-15 22:56:38","-300","0","-300","0","-300","0","-300","0","-300","0","-300","0","-300","0","-300","0","-300","0","-300","0","-300","0","-300","0","-300","0","-98","37","-89","37","-94","38","-95","37","-89","37","-95","37","-300","0","sa7"
"1196","2023-04-15 22:56:44","-300","0","-300","0","-300","0","-300","0","-300","0","-300","0","-300","0","-300","0","-300","0","-300","0","-300","0","-300","0","-300","0","-92","38","-85","38","-82","39","-94","38","-88","38","-97","38","-300","0","sa7"
"1197","2023-04-15 22:56:50","-300","0","-300","0","-300","0","-300","0","-300","0","-300","0","-300","0","-300","0","-300","0","-300","0","-300","0","-300","0","-300","0","-95","37","-99","37","-90","37","-91","37","-93","37","-97","37","-300","0","sa7"
"1198","2023-04-15 22:56:56","-300","0","-300","0","-300","0","-300","0","-300","0","-300","0","-300","0","-300","0","-300","0","-300","0","-300","0","-300","0","-300","0","-99","38","-100","38","-93","38","-90","38","-92","38","-94","38","-300","0","sa7"
"1199","2023-04-15 22:57:02","-300","0","-300","0","-300","0","-300","0","-300","0","-300","0","-300","0","-300","0","-300","0","-300","0","-300","0","-300","0","-300","0","-91","38","-83","39","-80","39","-95","37","-97","38","-99","37","-300","0","sa7"
"1200","2023-04-15 22:57:30","-300","0","-300","0","-300","0","-300","0","-300","0","-300","0","-300","0","-300","0","-300","0","-300","0","-300","0","-300","0","-300","0","-102","37","-86","38","-82","37","-82","38","-89","37","-95","37","-300","0","sa8"
"1201","2023-04-15 22:57:36","-300","0","-300","0","-300","0","-300","0","-300","0","-300","0","-300","0","-300","0","-300","0","-300","0","-300","0","-300","0","-300","0","-100","37","-93","37","-80","38","-91","38","-92","37","-100","37","-300","0","sa8"
"1202","2023-04-15 22:57:42","-300","0","-300","0","-300","0","-300","0","-300","0","-300","0","-300","0","-300","0","-300","0","-300","0","-300","0","-300","0","-300","0","-98","37","-96","37","-81","38","-89","37","-93","38","-98","38","-300","0","sa8"
"1203","2023-04-15 22:57:50","-300","0","-300","0","-300","0","-300","0","-300","0","-300","0","-300","0","-300","0","-300","0","-300","0","-300","0","-300","0","-300","0","-101","37","-95","37","-82","37","-90","39","-87","37","-94","38","-300","0","sa8"
"1204","2023-04-15 22:57:55","-300","0","-300","0","-300","0","-300","0","-300","0","-300","0","-300","0","-300","0","-300","0","-300","0","-300","0","-300","0","-300","0","-97","38","-97","38","-84","38","-86","38","-88","37","-101","38","-300","0","sa8"
"1205","2023-04-15 22:58:22","-300","0","-300","0","-300","0","-300","0","-300","0","-300","0","-300","0","-300","0","-300","0","-300","0","-300","0","-300","0","-300","0","-95","38","-88","37","-85","37","-95","38","-80","38","-87","38","-300","0","sa9"
"1206","2023-04-15 22:58:29","-300","0","-300","0","-300","0","-300","0","-300","0","-300","0","-300","0","-300","0","-300","0","-300","0","-300","0","-300","0","-300","0","-100","38","-91","38","-85","39","-99","37","-86","37","-96","37","-300","0","sa9"
"1207","2023-04-15 22:58:34","-300","0","-300","0","-300","0","-300","0","-300","0","-300","0","-300","0","-300","0","-300","0","-300","0","-300","0","-300","0","-300","0","-100","37","-92","38","-89","37","-95","38","-83","37","-89","38","-300","0","sa9"
"1208","2023-04-15 22:58:40","-300","0","-300","0","-300","0","-300","0","-300","0","-300","0","-300","0","-300","0","-300","0","-300","0","-300","0","-300","0","-300","0","-96","38","-87","37","-92","37","-99","38","-83","39","-93","37","-300","0","sa9"
"1209","2023-04-15 22:58:46","-300","0","-300","0","-300","0","-300","0","-300","0","-300","0","-300","0","-300","0","-300","0","-300","0","-300","0","-300","0","-300","0","-300","0","-95","37","-90","37","-96","37","-93","38","-94","37","-300","0","sa9"
"1210","2023-04-15 22:59:14","-300","0","-300","0","-300","0","-300","0","-300","0","-300","0","-300","0","-300","0","-300","0","-300","0","-300","0","-300","0","-300","0","-96","37","-87","39","-86","37","-98","38","-83","37","-94","37","-300","0","sa10"
"1211","2023-04-15 22:59:20","-300","0","-300","0","-300","0","-300","0","-300","0","-300","0","-300","0","-300","0","-300","0","-300","0","-300","0","-300","0","-300","0","-100","37","-93","37","-81","37","-104","37","-85","37","-95","37","-300","0","sa10"
"1212","2023-04-15 22:59:26","-300","0","-300","0","-300","0","-300","0","-300","0","-300","0","-300","0","-300","0","-300","0","-300","0","-300","0","-300","0","-300","0","-300","0","-96","37","-92","38","-93","38","-83","37","-101","37","-300","0","sa10"
"1213","2023-04-15 22:59:32","-300","0","-300","0","-300","0","-300","0","-300","0","-300","0","-300","0","-300","0","-300","0","-300","0","-300","0","-300","0","-300","0","-99","37","-87","39","-85","37","-95","37","-83","37","-92","37","-300","0","sa10"
"1214","2023-04-15 22:59:38","-300","0","-300","0","-300","0","-300","0","-300","0","-300","0","-300","0","-300","0","-300","0","-300","0","-300","0","-300","0","-300","0","-93","38","-89","37","-84","39","-99","38","-79","37","-94","37","-300","0","sa10"
"1215","2023-04-15 23:00:06","-300","0","-300","0","-300","0","-300","0","-300","0","-300","0","-300","0","-300","0","-300","0","-300","0","-300","0","-300","0","-300","0","-92","38","-85","39","-81","37","-98","38","-87","37","-95","38","-300","0","sa11"
"1216","2023-04-15 23:00:12","-300","0","-300","0","-300","0","-300","0","-300","0","-300","0","-300","0","-300","0","-300","0","-300","0","-300","0","-300","0","-300","0","-90","37","-93","38","-83","38","-86","37","-83","38","-92","37","-300","0","sa11"
"1217","2023-04-15 23:00:18","-300","0","-300","0","-300","0","-300","0","-300","0","-300","0","-300","0","-300","0","-300","0","-300","0","-300","0","-300","0","-100","37","-94","37","-89","39","-82","37","-95","38","-83","37","-94","38","-300","0","sa11"
"1218","2023-04-15 23:00:24","-300","0","-300","0","-300","0","-300","0","-300","0","-300","0","-300","0","-300","0","-300","0","-300","0","-300","0","-300","0","-300","0","-92","37","-86","37","-81","37","-94","37","-78","37","-96","37","-300","0","sa11"
"1219","2023-04-15 23:00:32","-300","0","-300","0","-300","0","-300","0","-300","0","-300","0","-300","0","-300","0","-300","0","-300","0","-300","0","-300","0","-96","37","-93","37","-80","39","-81","38","-91","37","-80","39","-90","38","-300","0","sa11"
"1220","2023-04-15 23:00:58","-300","0","-300","0","-300","0","-300","0","-300","0","-300","0","-300","0","-300","0","-300","0","-300","0","-300","0","-300","0","-300","0","-100","37","-85","38","-96","38","-85","37","-87","38","-92","37","-300","0","sa12"
"1221","2023-04-15 23:01:04","-300","0","-300","0","-300","0","-300","0","-300","0","-300","0","-300","0","-300","0","-300","0","-300","0","-300","0","-300","0","-300","0","-102","38","-86","38","-85","38","-94","38","-89","38","-95","37","-300","0","sa12"
"1222","2023-04-15 23:01:10","-300","0","-300","0","-300","0","-300","0","-300","0","-300","0","-300","0","-300","0","-300","0","-300","0","-300","0","-300","0","-300","0","-98","37","-87","38","-92","38","-98","37","-89","37","-96","38","-300","0","sa12"
"1223","2023-04-15 23:01:16","-300","0","-300","0","-300","0","-300","0","-300","0","-300","0","-300","0","-300","0","-300","0","-300","0","-300","0","-300","0","-300","0","-99","38","-85","38","-93","37","-90","37","-87","38","-94","37","-300","0","sa12"
"1224","2023-04-15 23:01:22","-300","0","-300","0","-300","0","-300","0","-300","0","-300","0","-300","0","-300","0","-300","0","-300","0","-300","0","-300","0","-300","0","-99","38","-92","38","-84","37","-93","37","-86","38","-99","37","-300","0","sa12"
"1225","2023-04-15 23:01:50","-300","0","-300","0","-300","0","-300","0","-300","0","-300","0","-300","0","-300","0","-300","0","-300","0","-300","0","-300","0","-300","0","-100","37","-97","38","-89","37","-96","37","-83","37","-86","37","-300","0","sa13"
"1226","2023-04-15 23:01:56","-300","0","-300","0","-300","0","-300","0","-300","0","-300","0","-300","0","-300","0","-300","0","-300","0","-300","0","-300","0","-300","0","-98","38","-90","37","-88","37","-92","37","-79","37","-83","37","-300","0","sa13"
"1227","2023-04-15 23:02:02","-300","0","-300","0","-300","0","-300","0","-300","0","-300","0","-300","0","-300","0","-300","0","-300","0","-300","0","-300","0","-300","0","-95","38","-95","38","-94","37","-107","38","-81","38","-83","39","-300","0","sa13"
"1228","2023-04-15 23:02:08","-300","0","-300","0","-300","0","-300","0","-300","0","-300","0","-300","0","-300","0","-300","0","-300","0","-300","0","-300","0","-300","0","-102","38","-91","38","-90","37","-98","38","-83","37","-86","39","-300","0","sa13"
"1229","2023-04-15 23:02:14","-300","0","-300","0","-300","0","-300","0","-300","0","-300","0","-300","0","-300","0","-300","0","-300","0","-300","0","-300","0","-300","0","-97","38","-90","37","-95","37","-91","37","-88","37","-82","37","-300","0","sa13"
"1230","2023-04-15 23:02:42","-300","0","-300","0","-300","0","-300","0","-300","0","-300","0","-300","0","-300","0","-300","0","-300","0","-300","0","-300","0","-300","0","-96","38","-82","39","-88","38","-93","37","-82","39","-89","37","-300","0","sa14"
"1231","2023-04-15 23:02:49","-300","0","-300","0","-300","0","-300","0","-300","0","-300","0","-300","0","-300","0","-300","0","-300","0","-300","0","-300","0","-300","0","-100","38","-80","37","-88","37","-95","37","-80","37","-98","37","-300","0","sa14"
"1232","2023-04-15 23:02:54","-300","0","-300","0","-300","0","-300","0","-300","0","-300","0","-300","0","-300","0","-300","0","-300","0","-300","0","-300","0","-300","0","-100","38","-86","38","-89","38","-92","37","-80","37","-89","37","-300","0","sa14"
"1233","2023-04-15 23:03:00","-300","0","-300","0","-300","0","-300","0","-300","0","-300","0","-300","0","-300","0","-300","0","-300","0","-300","0","-300","0","-104","38","-96","37","-77","39","-83","39","-97","37","-82","39","-88","39","-300","0","sa14"
"1234","2023-04-15 23:03:06","-300","0","-300","0","-300","0","-300","0","-300","0","-300","0","-300","0","-300","0","-300","0","-300","0","-300","0","-300","0","-300","0","-96","37","-88","37","-86","38","-97","38","-78","37","-88","37","-300","0","sa14"
"1235","2023-04-15 23:03:34","-300","0","-300","0","-300","0","-300","0","-300","0","-300","0","-300","0","-300","0","-300","0","-300","0","-300","0","-300","0","-300","0","-83","39","-85","38","-83","37","-92","38","-83","38","-88","37","-300","0","sa15"
"1236","2023-04-15 23:03:40","-300","0","-300","0","-300","0","-300","0","-300","0","-300","0","-300","0","-300","0","-300","0","-300","0","-300","0","-300","0","-300","0","-87","38","-77","38","-84","37","-85","38","-82","39","-91","38","-300","0","sa15"
"1237","2023-04-15 23:03:46","-300","0","-300","0","-300","0","-300","0","-300","0","-300","0","-300","0","-300","0","-300","0","-300","0","-300","0","-300","0","-300","0","-90","37","-78","37","-87","37","-91","37","-98","37","-92","37","-300","0","sa15"
"1238","2023-04-15 23:03:52","-300","0","-300","0","-300","0","-300","0","-300","0","-300","0","-300","0","-300","0","-300","0","-300","0","-300","0","-300","0","-300","0","-91","37","-80","38","-87","37","-85","38","-78","38","-89","37","-300","0","sa15"
"1239","2023-04-15 23:03:58","-300","0","-300","0","-300","0","-300","0","-300","0","-300","0","-300","0","-300","0","-300","0","-300","0","-300","0","-300","0","-300","0","-89","37","-79","39","-89","38","-91","38","-97","37","-89","38","-300","0","sa15"
